Workbook

Sheet About
B2: Nebraska Football Win History (1890-2025)
B3: Drew White - Data Visualization Project
B5: Dataset | C5: Nebraska Cornhuskers football season-by-season results, 1890-2025 (136 completed seasons).
B6: Source | C6: Wikipedia, 'List of Nebraska Cornhuskers football seasons' (https://en.wikipedia.org/wiki/List_of_Nebraska_Cornhuskers_football_seasons), retrieved Oct 9, 2026; table compiled from the Nebraska Athletics Football Record Book and NCAA records.
B7: Raw_Data | C7: The table as retrieved: 137 rows x 9 columns, text values (records like '9–2–1', ranks like 'T–20').
B8: Clean_Data | C8: Cleaned table used for all charts: 136 rows x 25 columns of numeric and categorical fields.
B9: Cleaning_Log | C9: Every cleaning step applied to get from Raw_Data to Clean_Data.
B10: G1 - G6 | C10: One sheet per goal: a formula-driven summary table, the chart, and the story for that goal.
B12: Project goals
B13: G1_Trend | C13: Show how Nebraska's win percentage has changed from 1890 to 2025.
B14: G2_Decades | C14: Compare win percentage by decade to find the best and worst decades.
B15: G3_Coaches | C15: Compare the win percentage of every head coach since 1962.
B16: G4_Eras | C16: Compare Nebraska's results in the Big Eight, Big 12, and Big Ten.
B17: G5_Bowls | C17: Show bowl wins and losses by decade.
B18: G6_Rankings | C18: Show Nebraska's final AP ranking each season to see when they were a national power.

Sheet Raw_Data
A1: Year | B1: Coach | C1: Conference_Name | D1: Overall | E1: Conference | F1: Standing | G1: Bowl/playoffs | H1: Coaches | I1: AP
A2: 1890 | B2: Langdon Frothingham | C2: Independent | D2: 2–0
A3: 1891 | B3: Theron Lyman | C3: Independent | D3: 2–2
A4: 1892 | B4: J. S. Williams | C4: WIUFA | D4: 2–2–1 | E4: 1–1–1 | F4: 2nd
A5: 1893 | B5: Frank Crawford | C5: WIUFA | D5: 3–2–1 | E5: 1–2 | F5: 3rd
A6: 1894 | B6: Frank Crawford | C6: WIUFA | D6: 6–2 | E6: 2–1 | F6: 1st
A7: 1895 | B7: Charles Thomas | C7: WIUFA | D7: 6–3 | E7: 2–1 | F7: T–1st
A8: 1896 | B8: Edward N. Robinson | C8: WIUFA | D8: 6–3–1 | E8: 1–1–1 | F8: 3rd
A9: 1897 | B9: Edward N. Robinson | C9: WIUFA | D9: 5–1 | E9: 3–0 | F9: 1st
A10: 1898 | B10: Fielding H. Yost | C10: Independent | D10: 8–3
A11: 1899 | B11: Alonzo Edwin Branch | C11: Independent | D11: 1–7–1
A12: 1900 | B12: Walter C. Booth | C12: Independent | D12: 6–1–1
A13: 1901 | B13: Walter C. Booth | C13: Independent | D13: 6–2
A14: 1902 | B14: Walter C. Booth | C14: Independent | D14: 9–0
A15: 1903 | B15: Walter C. Booth | C15: Independent | D15: 10–0
A16: 1904 | B16: Walter C. Booth | C16: Independent | D16: 7–3
A17: 1905 | B17: Walter C. Booth | C17: Independent | D17: 8–2
A18: 1906 | B18: Amos Foster | C18: Independent | D18: 6–4
A19: 1907 | B19: William C. Cole | C19: MVIAA | D19: 8–2 | E19: 1–0 | F19: T–1st
A20: 1908 | B20: William C. Cole | C20: MVIAA | D20: 7–2–1 | E20: 2–1 | F20: T–2nd
A21: 1909 | B21: William C. Cole | C21: MVIAA | D21: 3–3–2 | E21: 0–2–1 | F21: T–5th
A22: 1910 | B22: William C. Cole | C22: MVIAA | D22: 7–1 | E22: 2–0 | F22: 1st
A23: 1911 | B23: Ewald O. Stiehm | C23: MVIAA | D23: 5–1–2 | E23: 2–0–1 | F23: T–1st
A24: 1912 | B24: Ewald O. Stiehm | C24: MVIAA | D24: 7–1 | E24: 2–0 | F24: T–1st
A25: 1913 | B25: Ewald O. Stiehm | C25: MVIAA | D25: 8–0 | E25: 3–0 | F25: T–1st
A26: 1914 | B26: Ewald O. Stiehm | C26: MVIAA | D26: 7–0–1 | E26: 3–0 | F26: 1st
A27: 1915 | B27: Ewald O. Stiehm | C27: MVIAA | D27: 8–0 | E27: 4–0 | F27: 1st
A28: 1916 | B28: E. J. Stewart | C28: MVIAA | D28: 6–2 | E28: 3–1 | F28: 1st
A29: 1917 | B29: E. J. Stewart | C29: MVIAA | D29: 5–2 | E29: 2–0 | F29: 1st
A30: 1918 | B30: William G. Kline | C30: MVIAA | D30: 2–3–1 | E30: 0–0
A31: 1919 | B31: Henry Schulte | C31: Independent | D31: 3–3–2
A32: 1920 | B32: Henry Schulte | C32: Independent | D32: 5–3–1
A33: 1921 | B33: Fred Dawson | C33: MVIAA | D33: 7–1 | E33: 3–0 | F33: 1st
A34: 1922 | B34: Fred Dawson | C34: MVIAA | D34: 7–1 | E34: 5–0 | F34: 1st
A35: 1923 | B35: Fred Dawson | C35: MVIAA | D35: 4–2–2 | E35: 3–0–2 | F35: 1st
A36: 1924 | B36: Fred Dawson | C36: MVIAA | D36: 5–3 | E36: 3–1 | F36: 2nd
A37: 1925 | B37: Ernest Bearg | C37: MVIAA | D37: 4–2–2 | E37: 2–2–1 | F37: 5th
A38: 1926 | B38: Ernest Bearg | C38: MVIAA | D38: 6–2 | E38: 5–1 | F38: 2nd
A39: 1927 | B39: Ernest Bearg | C39: MVIAA | D39: 6–2 | E39: 4–1 | F39: 2nd
A40: 1928 | B40: Ernest Bearg | C40: MVIAA | D40: 7–1–1 | E40: 5–0 | F40: 1st
A41: 1929 | B41: Dana X. Bible | C41: MVIAA | D41: 4–1–3 | E41: 3–0–2 | F41: 1st
A42: 1930 | B42: Dana X. Bible | C42: MVIAA | D42: 4–3–2 | E42: 2–2–1 | F42: 4th
A43: 1931 | B43: Dana X. Bible | C43: MVIAA | D43: 8–2 | E43: 5–0 | F43: 1st
A44: 1932 | B44: Dana X. Bible | C44: MVIAA | D44: 7–1–1 | E44: 5–0 | F44: 1st
... A47: 1935 | B47: Dana X. Bible | C47: MVIAA | D47: 6–2–1 | E47: 4–0–1 | F47: 1st
A48: 1936 | B48: Dana X. Bible | C48: MVIAA | D48: 7–2 | E48: 5–0 | F48: 1st | I48: 9
A49: 1937 | B49: Biff Jones | C49: MVIAA | D49: 6–1–2 | E49: 3–0–2 | F49: 1st | I49: 11
A50: 1938 | B50: Biff Jones | C50: MVIAA | D50: 3–5–1 | E50: 2–3 | F50: T–3rd
A51: 1939 | B51: Biff Jones | C51: MVIAA | D51: 7–1–1 | E51: 4–1 | F51: 2nd | I51: 18
A52: 1940 | B52: Biff Jones | C52: MVIAA | D52: 8–2 | E52: 5–0 | F52: 1st | G52: L Rose | I52: 7
A53: 1941 | B53: Biff Jones | C53: MVIAA | D53: 4–5 | E53: 3–2 | F53: T–2nd
A54: 1942 | B54: Glenn Presnell | C54: MVIAA | D54: 3–7 | E54: 3–2 | F54: 3rd
A55: 1943 | B55: Adolph J. Lewandowski | C55: MVIAA | D55: 2–6 | E55: 2–3 | F55: T–4th
A56: 1944 | B56: Adolph J. Lewandowski | C56: MVIAA | D56: 2–6 | E56: 2–3 | F56: 4th
A57: 1945 | B57: George Clark | C57: MVIAA | D57: 4–5 | E57: 2–3 | F57: 4th
A58: 1946 | B58: Bernie Masterson | C58: MVIAA | D58: 3–6 | E58: 3–2 | F58: T–3rd
A59: 1947 | B59: Bernie Masterson | C59: MVIAA | D59: 2–7 | E59: 2–3 | F59: 4th
A60: 1948 | B60: George Clark | C60: MVIAA | D60: 2–8 | E60: 2–4 | F60: T–5th
A61: 1949 | B61: Bill Glassford | C61: MVIAA | D61: 4–5 | E61: 3–3 | F61: T–3rd
A62: 1950 | B62: Bill Glassford | C62: MVIAA | D62: 6–2–1 | E62: 4–2 | F62: 2nd | H62: T–20 | I62: 17
A63: 1951 | B63: Bill Glassford | C63: MVIAA | D63: 2–8 | E63: 2–4 | F63: T–4th
A64: 1952 | B64: Bill Glassford | C64: MVIAA | D64: 5–4–1 | E64: 3–2–1 | F64: 3rd
A65: 1953 | B65: Bill Glassford | C65: MVIAA | D65: 3–6–1 | E65: 2–4 | F65: T–4th
A66: 1954 | B66: Bill Glassford | C66: MVIAA | D66: 6–5 | E66: 4–2 | F66: 2nd | G66: L Orange
A67: 1955 | B67: Bill Glassford | C67: MVIAA | D67: 5–5 | E67: 5–1 | F67: 2nd
A68: 1956 | B68: Pete Elliott | C68: MVIAA | D68: 4–6 | E68: 3–3 | F68: 4th
A69: 1957 | B69: Bill Jennings | C69: MVIAA | D69: 1–9 | E69: 1–5 | F69: 7th
A70: 1958 | B70: Bill Jennings | C70: MVIAA | D70: 3–7 | E70: 1–5 | F70: 6th
A71: 1959 | B71: Bill Jennings | C71: MVIAA | D71: 4–6 | E71: 2–4 | F71: 6th
A72: 1960 | B72: Bill Jennings | C72: MVIAA | D72: 4–6 | E72: 2–5 | F72: T–6th
A73: 1961 | B73: Bill Jennings | C73: MVIAA | D73: 3–6–1 | E73: 2–5 | F73: T–6th
A74: 1962 | B74: Bob Devaney | C74: MVIAA / Big Eight | D74: 9–2 | E74: 5–2 | F74: 3rd | G74: W Gotham
A75: 1963 | B75: Bob Devaney | C75: MVIAA / Big Eight | D75: 10–1 | E75: 7–0 | F75: 1st | G75: W Orange | H75: 5 | I75: 6
A76: 1964 | B76: Bob Devaney | C76: MVIAA / Big Eight | D76: 9–2 | E76: 6–1 | F76: 1st | G76: L Cotton | H76: 6 | I76: 6
A77: 1965 | B77: Bob Devaney | C77: MVIAA / Big Eight | D77: 10–1 | E77: 7–0 | F77: 1st | G77: L Orange | H77: 3 | I77: 5
A78: 1966 | B78: Bob Devaney | C78: MVIAA / Big Eight | D78: 9–2 | E78: 6–1 | F78: 1st | G78: L Sugar | H78: 7 | I78: 6
A79: 1967 | B79: Bob Devaney | C79: MVIAA / Big Eight | D79: 6–4 | E79: 3–4 | F79: 5th
A80: 1968 | B80: Bob Devaney | C80: MVIAA / Big Eight | D80: 6–4 | E80: 3–4 | F80: T–4th
A81: 1969 | B81: Bob Devaney | C81: MVIAA / Big Eight | D81: 9–2 | E81: 6–1 | F81: T–1st | G81: W Sun | H81: 12 | I81: 11
A82: 1970 | B82: Bob Devaney | C82: MVIAA / Big Eight | D82: 11–0–1 | E82: 7–0 | F82: 1st | G82: W Orange | H82: 3 | I82: 1
A83: 1971 | B83: Bob Devaney | C83: MVIAA / Big Eight | D83: 13–0 | E83: 7–0 | F83: 1st | G83: W Orange | H83: 1 | I83: 1
A84: 1972 | B84: Bob Devaney | C84: MVIAA / Big Eight | D84: 9–2–1 | E84: 5–1–1 | F84: 1st | G84: W Orange | H84: 9 | I84: 4
A85: 1973 | B85: Tom Osborne | C85: Big Eight | D85: 9–2–1 | E85: 4–2–1 | F85: T–2nd | G85: W Cotton | H85: T–11 | I85: 7
A86: 1974 | B86: Tom Osborne | C86: Big Eight | D86: 9–3 | E86: 5–2 | F86: T–2nd | G86: W Sugar | H86: 9 | I86: 8
A87: 1975 | B87: Tom Osborne | C87: Big Eight | D87: 10–2 | E87: 6–1 | F87: T–1st | G87: L Fiesta | H87: 9 | I87: 9
A88: 1976 | B88: Tom Osborne | C88: Big Eight | D88: 9–3–1 | E88: 4–3 | F88: T–4th | G88: W Astro-Bluebonnet | H88: 7 | I88: 9
A89: 1977 | B89: Tom Osborne | C89: Big Eight | D89: 9–3 | E89: 5–2 | F89: T–2nd | G89: W Liberty | H89: 10 | I89: 12
A90: 1978 | B90: Tom Osborne | C90: Big Eight | D90: 9–3 | E90: 6–1 | F90: T–1st | G90: L Orange | H90: 8 | I90: 8
A91: 1979 | B91: Tom Osborne | C91: Big Eight | D91: 10–2 | E91: 6–1 | F91: 2nd | G91: L Cotton | H91: 7 | I91: 9
A92: 1980 | B92: Tom Osborne | C92: Big Eight | D92: 10–2 | E92: 6–1 | F92: 2nd | G92: W Sun | H92: 7 | I92: 7
... A113: 2001 | B113: Frank Solich | C113: Big 12 | D113: 11–2 | E113: 7–1 | F113: T–1st (North) | G113: L Rose† | H113: 7 | I113: 8
A114: 2002 | B114: Frank Solich | C114: Big 12 | D114: 7–7 | E114: 3–5 | F114: 4th (North) | G114: L Independence
A115: 2003 | B115: Frank Solich | C115: Big 12 | D115: 10–3 | E115: 5–3 | F115: 2nd (North) | G115: W Alamo | H115: 18 | I115: 19
A116: 2004 | B116: Bill Callahan | C116: Big 12 | D116: 5–6 | E116: 3–5 | F116: 3rd (North)
A117: 2005 | B117: Bill Callahan | C117: Big 12 | D117: 8–4 | E117: 4–4 | F117: T–2nd (North) | G117: W Alamo | H117: 24 | I117: 24
A118: 2006 | B118: Bill Callahan | C118: Big 12 | D118: 9–5 | E118: 6–2 | F118: 1st (North) | G118: L Cotton
A119: 2007 | B119: Bill Callahan | C119: Big 12 | D119: 5–7 | E119: 2–6 | F119: T–5th (North)
A120: 2008 | B120: Bo Pelini | C120: Big 12 | D120: 9–4 | E120: 5–3 | F120: T–1st (North) | G120: W Gator
A121: 2009 | B121: Bo Pelini | C121: Big 12 | D121: 10–4 | E121: 6–2 | F121: 1st (North) | G121: W Holiday | H121: 14 | I121: 14
A122: 2010 | B122: Bo Pelini | C122: Big 12 | D122: 10–4 | E122: 6–2 | F122: T–1st (North) | G122: L Holiday | H122: 19 | I122: 20
...

Sheet Clean_Data
A1: Season | B1: Decade | C1: Head_Coach | D1: Conference | E1: Conference_Era | F1: Wins | G1: Losses | H1: Ties | I1: Games | J1: Win_Pct | K1: Conf_Wins | L1: Conf_Losses | M1: Conf_Ties | N1: Conf_Win_Pct | O1: Conf_Finish | P1: Finish_Tied | Q1: Division | R1: Bowl_Game | S1: Bowl_Name | T1: Bowl_Result | U1: Major_Bowl | V1: AP_Final_Rank | W1: Coaches_Final_Rank | X1: AP_Ranked | Y1: Winning_Season
A2: 1890 | B2: 1890s | C2: Langdon Frothingham | D2: Independent | E2: Independent | F2: 2 | G2: 0 | H2: 0 | I2: 2 | J2: 1 | R2: No | U2: No | X2: No | Y2: Yes
A3: 1891 | B3: 1890s | C3: Theron Lyman | D3: Independent | E3: Independent | F3: 2 | G3: 2 | H3: 0 | I3: 4 | J3: 0.5 | R3: No | U3: No | X3: No | Y3: No
A4: 1892 | B4: 1890s | C4: J. S. Williams | D4: WIUFA | E4: WIUFA (1892-97) | F4: 2 | G4: 2 | H4: 1 | I4: 5 | J4: 0.5 | K4: 1 | L4: 1 | M4: 1 | N4: 0.5 | O4: 2 | P4: No | R4: No | U4: No | X4: No | Y4: No
A5: 1893 | B5: 1890s | C5: Frank Crawford | D5: WIUFA | E5: WIUFA (1892-97) | F5: 3 | G5: 2 | H5: 1 | I5: 6 | J5: 0.5833 | K5: 1 | L5: 2 | M5: 0 | N5: 0.3333 | O5: 3 | P5: No | R5: No | U5: No | X5: No | Y5: Yes
A6: 1894 | B6: 1890s | C6: Frank Crawford | D6: WIUFA | E6: WIUFA (1892-97) | F6: 6 | G6: 2 | H6: 0 | I6: 8 | J6: 0.75 | K6: 2 | L6: 1 | M6: 0 | N6: 0.6667 | O6: 1 | P6: No | R6: No | U6: No | X6: No | Y6: Yes
A7: 1895 | B7: 1890s | C7: Charles Thomas | D7: WIUFA | E7: WIUFA (1892-97) | F7: 6 | G7: 3 | H7: 0 | I7: 9 | J7: 0.6667 | K7: 2 | L7: 1 | M7: 0 | N7: 0.6667 | O7: 1 | P7: Yes | R7: No | U7: No | X7: No | Y7: Yes
A8: 1896 | B8: 1890s | C8: Edward N. Robinson | D8: WIUFA | E8: WIUFA (1892-97) | F8: 6 | G8: 3 | H8: 1 | I8: 10 | J8: 0.65 | K8: 1 | L8: 1 | M8: 1 | N8: 0.5 | O8: 3 | P8: No | R8: No | U8: No | X8: No | Y8: Yes
A9: 1897 | B9: 1890s | C9: Edward N. Robinson | D9: WIUFA | E9: WIUFA (1892-97) | F9: 5 | G9: 1 | H9: 0 | I9: 6 | J9: 0.8333 | K9: 3 | L9: 0 | M9: 0 | N9: 1 | O9: 1 | P9: No | R9: No | U9: No | X9: No | Y9: Yes
A10: 1898 | B10: 1890s | C10: Fielding H. Yost | D10: Independent | E10: Independent | F10: 8 | G10: 3 | H10: 0 | I10: 11 | J10: 0.7273 | R10: No | U10: No | X10: No | Y10: Yes
A11: 1899 | B11: 1890s | C11: Alonzo Edwin Branch | D11: Independent | E11: Independent | F11: 1 | G11: 7 | H11: 1 | I11: 9 | J11: 0.1667 | R11: No | U11: No | X11: No | Y11: No
A12: 1900 | B12: 1900s | C12: Walter C. Booth | D12: Independent | E12: Independent | F12: 6 | G12: 1 | H12: 1 | I12: 8 | J12: 0.8125 | R12: No | U12: No | X12: No | Y12: Yes
A13: 1901 | B13: 1900s | C13: Walter C. Booth | D13: Independent | E13: Independent | F13: 6 | G13: 2 | H13: 0 | I13: 8 | J13: 0.75 | R13: No | U13: No | X13: No | Y13: Yes
A14: 1902 | B14: 1900s | C14: Walter C. Booth | D14: Independent | E14: Independent | F14: 9 | G14: 0 | H14: 0 | I14: 9 | J14: 1 | R14: No | U14: No | X14: No | Y14: Yes
A15: 1903 | B15: 1900s | C15: Walter C. Booth | D15: Independent | E15: Independent | F15: 10 | G15: 0 | H15: 0 | I15: 10 | J15: 1 | R15: No | U15: No | X15: No | Y15: Yes
A16: 1904 | B16: 1900s | C16: Walter C. Booth | D16: Independent | E16: Independent | F16: 7 | G16: 3 | H16: 0 | I16: 10 | J16: 0.7 | R16: No | U16: No | X16: No | Y16: Yes
A17: 1905 | B17: 1900s | C17: Walter C. Booth | D17: Independent | E17: Independent | F17: 8 | G17: 2 | H17: 0 | I17: 10 | J17: 0.8 | R17: No | U17: No | X17: No | Y17: Yes
A18: 1906 | B18: 1900s | C18: Amos Foster | D18: Independent | E18: Independent | F18: 6 | G18: 4 | H18: 0 | I18: 10 | J18: 0.6 | R18: No | U18: No | X18: No | Y18: Yes
A19: 1907 | B19: 1900s | C19: William C. Cole | D19: MVIAA | E19: MVIAA / Big Six-Seven (1907-61) | F19: 8 | G19: 2 | H19: 0 | I19: 10 | J19: 0.8 | K19: 1 | L19: 0 | M19: 0 | N19: 1 | O19: 1 | P19: Yes | R19: No | U19: No | X19: No | Y19: Yes
A20: 1908 | B20: 1900s | C20: William C. Cole | D20: MVIAA | E20: MVIAA / Big Six-Seven (1907-61) | F20: 7 | G20: 2 | H20: 1 | I20: 10 | J20: 0.75 | K20: 2 | L20: 1 | M20: 0 | N20: 0.6667 | O20: 2 | P20: Yes | R20: No | U20: No | X20: No | Y20: Yes
A21: 1909 | B21: 1900s | C21: William C. Cole | D21: MVIAA | E21: MVIAA / Big Six-Seven (1907-61) | F21: 3 | G21: 3 | H21: 2 | I21: 8 | J21: 0.5 | K21: 0 | L21: 2 | M21: 1 | N21: 0.1667 | O21: 5 | P21: Yes | R21: No | U21: No | X21: No | Y21: No
A22: 1910 | B22: 1910s | C22: William C. Cole | D22: MVIAA | E22: MVIAA / Big Six-Seven (1907-61) | F22: 7 | G22: 1 | H22: 0 | I22: 8 | J22: 0.875 | K22: 2 | L22: 0 | M22: 0 | N22: 1 | O22: 1 | P22: No | R22: No | U22: No | X22: No | Y22: Yes
A23: 1911 | B23: 1910s | C23: Ewald O. Stiehm | D23: MVIAA | E23: MVIAA / Big Six-Seven (1907-61) | F23: 5 | G23: 1 | H23: 2 | I23: 8 | J23: 0.75 | K23: 2 | L23: 0 | M23: 1 | N23: 0.8333 | O23: 1 | P23: Yes | R23: No | U23: No | X23: No | Y23: Yes
A24: 1912 | B24: 1910s | C24: Ewald O. Stiehm | D24: MVIAA | E24: MVIAA / Big Six-Seven (1907-61) | F24: 7 | G24: 1 | H24: 0 | I24: 8 | J24: 0.875 | K24: 2 | L24: 0 | M24: 0 | N24: 1 | O24: 1 | P24: Yes | R24: No | U24: No | X24: No | Y24: Yes
A25: 1913 | B25: 1910s | C25: Ewald O. Stiehm | D25: MVIAA | E25: MVIAA / Big Six-Seven (1907-61) | F25: 8 | G25: 0 | H25: 0 | I25: 8 | J25: 1 | K25: 3 | L25: 0 | M25: 0 | N25: 1 | O25: 1 | P25: Yes | R25: No | U25: No | X25: No | Y25: Yes
A26: 1914 | B26: 1910s | C26: Ewald O. Stiehm | D26: MVIAA | E26: MVIAA / Big Six-Seven (1907-61) | F26: 7 | G26: 0 | H26: 1 | I26: 8 | J26: 0.9375 | K26: 3 | L26: 0 | M26: 0 | N26: 1 | O26: 1 | P26: No | R26: No | U26: No | X26: No | Y26: Yes
A27: 1915 | B27: 1910s | C27: Ewald O. Stiehm | D27: MVIAA | E27: MVIAA / Big Six-Seven (1907-61) | F27: 8 | G27: 0 | H27: 0 | I27: 8 | J27: 1 | K27: 4 | L27: 0 | M27: 0 | N27: 1 | O27: 1 | P27: No | R27: No | U27: No | X27: No | Y27: Yes
A28: 1916 | B28: 1910s | C28: E. J. Stewart | D28: MVIAA | E28: MVIAA / Big Six-Seven (1907-61) | F28: 6 | G28: 2 | H28: 0 | I28: 8 | J28: 0.75 | K28: 3 | L28: 1 | M28: 0 | N28: 0.75 | O28: 1 | P28: No | R28: No | U28: No | X28: No | Y28: Yes
A29: 1917 | B29: 1910s | C29: E. J. Stewart | D29: MVIAA | E29: MVIAA / Big Six-Seven (1907-61) | F29: 5 | G29: 2 | H29: 0 | I29: 7 | J29: 0.7143 | K29: 2 | L29: 0 | M29: 0 | N29: 1 | O29: 1 | P29: No | R29: No | U29: No | X29: No | Y29: Yes
A30: 1918 | B30: 1910s | C30: William G. Kline | D30: MVIAA | E30: MVIAA / Big Six-Seven (1907-61) | F30: 2 | G30: 3 | H30: 1 | I30: 6 | J30: 0.4167 | R30: No | U30: No | X30: No | Y30: No
A31: 1919 | B31: 1910s | C31: Henry Schulte | D31: Independent | E31: Independent | F31: 3 | G31: 3 | H31: 2 | I31: 8 | J31: 0.5 | R31: No | U31: No | X31: No | Y31: No
A32: 1920 | B32: 1920s | C32: Henry Schulte | D32: Independent | E32: Independent | F32: 5 | G32: 3 | H32: 1 | I32: 9 | J32: 0.6111 | R32: No | U32: No | X32: No | Y32: Yes
A33: 1921 | B33: 1920s | C33: Fred Dawson | D33: MVIAA | E33: MVIAA / Big Six-Seven (1907-61) | F33: 7 | G33: 1 | H33: 0 | I33: 8 | J33: 0.875 | K33: 3 | L33: 0 | M33: 0 | N33: 1 | O33: 1 | P33: No | R33: No | U33: No | X33: No | Y33: Yes
A34: 1922 | B34: 1920s | C34: Fred Dawson | D34: MVIAA | E34: MVIAA / Big Six-Seven (1907-61) | F34: 7 | G34: 1 | H34: 0 | I34: 8 | J34: 0.875 | K34: 5 | L34: 0 | M34: 0 | N34: 1 | O34: 1 | P34: No | R34: No | U34: No | X34: No | Y34: Yes
A35: 1923 | B35: 1920s | C35: Fred Dawson | D35: MVIAA | E35: MVIAA / Big Six-Seven (1907-61) | F35: 4 | G35: 2 | H35: 2 | I35: 8 | J35: 0.625 | K35: 3 | L35: 0 | M35: 2 | N35: 0.8 | O35: 1 | P35: No | R35: No | U35: No | X35: No | Y35: Yes
A36: 1924 | B36: 1920s | C36: Fred Dawson | D36: MVIAA | E36: MVIAA / Big Six-Seven (1907-61) | F36: 5 | G36: 3 | H36: 0 | I36: 8 | J36: 0.625 | K36: 3 | L36: 1 | M36: 0 | N36: 0.75 | O36: 2 | P36: No | R36: No | U36: No | X36: No | Y36: Yes
A37: 1925 | B37: 1920s | C37: Ernest Bearg | D37: MVIAA | E37: MVIAA / Big Six-Seven (1907-61) | F37: 4 | G37: 2 | H37: 2 | I37: 8 | J37: 0.625 | K37: 2 | L37: 2 | M37: 1 | N37: 0.5 | O37: 5 | P37: No | R37: No | U37: No | X37: No | Y37: Yes
A38: 1926 | B38: 1920s | C38: Ernest Bearg | D38: MVIAA | E38: MVIAA / Big Six-Seven (1907-61) | F38: 6 | G38: 2 | H38: 0 | I38: 8 | J38: 0.75 | K38: 5 | L38: 1 | M38: 0 | N38: 0.8333 | O38: 2 | P38: No | R38: No | U38: No | X38: No | Y38: Yes
A39: 1927 | B39: 1920s | C39: Ernest Bearg | D39: MVIAA | E39: MVIAA / Big Six-Seven (1907-61) | F39: 6 | G39: 2 | H39: 0 | I39: 8 | J39: 0.75 | K39: 4 | L39: 1 | M39: 0 | N39: 0.8 | O39: 2 | P39: No | R39: No | U39: No | X39: No | Y39: Yes
A40: 1928 | B40: 1920s | C40: Ernest Bearg | D40: MVIAA | E40: MVIAA / Big Six-Seven (1907-61) | F40: 7 | G40: 1 | H40: 1 | I40: 9 | J40: 0.8333 | K40: 5 | L40: 0 | M40: 0 | N40: 1 | O40: 1 | P40: No | R40: No | U40: No | X40: No | Y40: Yes
A41: 1929 | B41: 1920s | C41: Dana X. Bible | D41: MVIAA | E41: MVIAA / Big Six-Seven (1907-61) | F41: 4 | G41: 1 | H41: 3 | I41: 8 | J41: 0.6875 | K41: 3 | L41: 0 | M41: 2 | N41: 0.8 | O41: 1 | P41: No | R41: No | U41: No | X41: No | Y41: Yes
A42: 1930 | B42: 1930s | C42: Dana X. Bible | D42: MVIAA | E42: MVIAA / Big Six-Seven (1907-61) | F42: 4 | G42: 3 | H42: 2 | I42: 9 | J42: 0.5556 | K42: 2 | L42: 2 | M42: 1 | N42: 0.5 | O42: 4 | P42: No | R42: No | U42: No | X42: No | Y42: Yes
A43: 1931 | B43: 1930s | C43: Dana X. Bible | D43: MVIAA | E43: MVIAA / Big Six-Seven (1907-61) | F43: 8 | G43: 2 | H43: 0 | I43: 10 | J43: 0.8 | K43: 5 | L43: 0 | M43: 0 | N43: 1 | O43: 1 | P43: No | R43: No | U43: No | X43: No | Y43: Yes
A44: 1932 | B44: 1930s | C44: Dana X. Bible | D44: MVIAA | E44: MVIAA / Big Six-Seven (1907-61) | F44: 7 | G44: 1 | H44: 1 | I44: 9 | J44: 0.8333 | K44: 5 | L44: 0 | M44: 0 | N44: 1 | O44: 1 | P44: No | R44: No | U44: No | X44: No | Y44: Yes
... A47: 1935 | B47: 1930s | C47: Dana X. Bible | D47: MVIAA | E47: MVIAA / Big Six-Seven (1907-61) | F47: 6 | G47: 2 | H47: 1 | I47: 9 | J47: 0.7222 | K47: 4 | L47: 0 | M47: 1 | N47: 0.9 | O47: 1 | P47: No | R47: No | U47: No | X47: No | Y47: Yes
A48: 1936 | B48: 1930s | C48: Dana X. Bible | D48: MVIAA | E48: MVIAA / Big Six-Seven (1907-61) | F48: 7 | G48: 2 | H48: 0 | I48: 9 | J48: 0.7778 | K48: 5 | L48: 0 | M48: 0 | N48: 1 | O48: 1 | P48: No | R48: No | U48: No | V48: 9 | X48: Yes | Y48: Yes
A49: 1937 | B49: 1930s | C49: Biff Jones | D49: MVIAA | E49: MVIAA / Big Six-Seven (1907-61) | F49: 6 | G49: 1 | H49: 2 | I49: 9 | J49: 0.7778 | K49: 3 | L49: 0 | M49: 2 | N49: 0.8 | O49: 1 | P49: No | R49: No | U49: No | V49: 11 | X49: Yes | Y49: Yes
A50: 1938 | B50: 1930s | C50: Biff Jones | D50: MVIAA | E50: MVIAA / Big Six-Seven (1907-61) | F50: 3 | G50: 5 | H50: 1 | I50: 9 | J50: 0.3889 | K50: 2 | L50: 3 | M50: 0 | N50: 0.4 | O50: 3 | P50: Yes | R50: No | U50: No | X50: No | Y50: No
A51: 1939 | B51: 1930s | C51: Biff Jones | D51: MVIAA | E51: MVIAA / Big Six-Seven (1907-61) | F51: 7 | G51: 1 | H51: 1 | I51: 9 | J51: 0.8333 | K51: 4 | L51: 1 | M51: 0 | N51: 0.8 | O51: 2 | P51: No | R51: No | U51: No | V51: 18 | X51: Yes | Y51: Yes
A52: 1940 | B52: 1940s | C52: Biff Jones | D52: MVIAA | E52: MVIAA / Big Six-Seven (1907-61) | F52: 8 | G52: 2 | H52: 0 | I52: 10 | J52: 0.8 | K52: 5 | L52: 0 | M52: 0 | N52: 1 | O52: 1 | P52: No | R52: Yes | S52: Rose | T52: L | U52: Yes | V52: 7 | X52: Yes | Y52: Yes
A53: 1941 | B53: 1940s | C53: Biff Jones | D53: MVIAA | E53: MVIAA / Big Six-Seven (1907-61) | F53: 4 | G53: 5 | H53: 0 | I53: 9 | J53: 0.4444 | K53: 3 | L53: 2 | M53: 0 | N53: 0.6 | O53: 2 | P53: Yes | R53: No | U53: No | X53: No | Y53: No
A54: 1942 | B54: 1940s | C54: Glenn Presnell | D54: MVIAA | E54: MVIAA / Big Six-Seven (1907-61) | F54: 3 | G54: 7 | H54: 0 | I54: 10 | J54: 0.3 | K54: 3 | L54: 2 | M54: 0 | N54: 0.6 | O54: 3 | P54: No | R54: No | U54: No | X54: No | Y54: No
A55: 1943 | B55: 1940s | C55: Adolph J. Lewandowski | D55: MVIAA | E55: MVIAA / Big Six-Seven (1907-61) | F55: 2 | G55: 6 | H55: 0 | I55: 8 | J55: 0.25 | K55: 2 | L55: 3 | M55: 0 | N55: 0.4 | O55: 4 | P55: Yes | R55: No | U55: No | X55: No | Y55: No
A56: 1944 | B56: 1940s | C56: Adolph J. Lewandowski | D56: MVIAA | E56: MVIAA / Big Six-Seven (1907-61) | F56: 2 | G56: 6 | H56: 0 | I56: 8 | J56: 0.25 | K56: 2 | L56: 3 | M56: 0 | N56: 0.4 | O56: 4 | P56: No | R56: No | U56: No | X56: No | Y56: No
A57: 1945 | B57: 1940s | C57: George Clark | D57: MVIAA | E57: MVIAA / Big Six-Seven (1907-61) | F57: 4 | G57: 5 | H57: 0 | I57: 9 | J57: 0.4444 | K57: 2 | L57: 3 | M57: 0 | N57: 0.4 | O57: 4 | P57: No | R57: No | U57: No | X57: No | Y57: No
A58: 1946 | B58: 1940s | C58: Bernie Masterson | D58: MVIAA | E58: MVIAA / Big Six-Seven (1907-61) | F58: 3 | G58: 6 | H58: 0 | I58: 9 | J58: 0.3333 | K58: 3 | L58: 2 | M58: 0 | N58: 0.6 | O58: 3 | P58: Yes | R58: No | U58: No | X58: No | Y58: No
A59: 1947 | B59: 1940s | C59: Bernie Masterson | D59: MVIAA | E59: MVIAA / Big Six-Seven (1907-61) | F59: 2 | G59: 7 | H59: 0 | I59: 9 | J59: 0.2222 | K59: 2 | L59: 3 | M59: 0 | N59: 0.4 | O59: 4 | P59: No | R59: No | U59: No | X59: No | Y59: No
A60: 1948 | B60: 1940s | C60: George Clark | D60: MVIAA | E60: MVIAA / Big Six-Seven (1907-61) | F60: 2 | G60: 8 | H60: 0 | I60: 10 | J60: 0.2 | K60: 2 | L60: 4 | M60: 0 | N60: 0.3333 | O60: 5 | P60: Yes | R60: No | U60: No | X60: No | Y60: No
A61: 1949 | B61: 1940s | C61: Bill Glassford | D61: MVIAA | E61: MVIAA / Big Six-Seven (1907-61) | F61: 4 | G61: 5 | H61: 0 | I61: 9 | J61: 0.4444 | K61: 3 | L61: 3 | M61: 0 | N61: 0.5 | O61: 3 | P61: Yes | R61: No | U61: No | X61: No | Y61: No
A62: 1950 | B62: 1950s | C62: Bill Glassford | D62: MVIAA | E62: MVIAA / Big Six-Seven (1907-61) | F62: 6 | G62: 2 | H62: 1 | I62: 9 | J62: 0.7222 | K62: 4 | L62: 2 | M62: 0 | N62: 0.6667 | O62: 2 | P62: No | R62: No | U62: No | V62: 17 | W62: 20 | X62: Yes | Y62: Yes
A63: 1951 | B63: 1950s | C63: Bill Glassford | D63: MVIAA | E63: MVIAA / Big Six-Seven (1907-61) | F63: 2 | G63: 8 | H63: 0 | I63: 10 | J63: 0.2 | K63: 2 | L63: 4 | M63: 0 | N63: 0.3333 | O63: 4 | P63: Yes | R63: No | U63: No | X63: No | Y63: No
A64: 1952 | B64: 1950s | C64: Bill Glassford | D64: MVIAA | E64: MVIAA / Big Six-Seven (1907-61) | F64: 5 | G64: 4 | H64: 1 | I64: 10 | J64: 0.55 | K64: 3 | L64: 2 | M64: 1 | N64: 0.5833 | O64: 3 | P64: No | R64: No | U64: No | X64: No | Y64: Yes
A65: 1953 | B65: 1950s | C65: Bill Glassford | D65: MVIAA | E65: MVIAA / Big Six-Seven (1907-61) | F65: 3 | G65: 6 | H65: 1 | I65: 10 | J65: 0.35 | K65: 2 | L65: 4 | M65: 0 | N65: 0.3333 | O65: 4 | P65: Yes | R65: No | U65: No | X65: No | Y65: No
A66: 1954 | B66: 1950s | C66: Bill Glassford | D66: MVIAA | E66: MVIAA / Big Six-Seven (1907-61) | F66: 6 | G66: 5 | H66: 0 | I66: 11 | J66: 0.5455 | K66: 4 | L66: 2 | M66: 0 | N66: 0.6667 | O66: 2 | P66: No | R66: Yes | S66: Orange | T66: L | U66: Yes | X66: No | Y66: Yes
A67: 1955 | B67: 1950s | C67: Bill Glassford | D67: MVIAA | E67: MVIAA / Big Six-Seven (1907-61) | F67: 5 | G67: 5 | H67: 0 | I67: 10 | J67: 0.5 | K67: 5 | L67: 1 | M67: 0 | N67: 0.8333 | O67: 2 | P67: No | R67: No | U67: No | X67: No | Y67: No
A68: 1956 | B68: 1950s | C68: Pete Elliott | D68: MVIAA | E68: MVIAA / Big Six-Seven (1907-61) | F68: 4 | G68: 6 | H68: 0 | I68: 10 | J68: 0.4 | K68: 3 | L68: 3 | M68: 0 | N68: 0.5 | O68: 4 | P68: No | R68: No | U68: No | X68: No | Y68: No
A69: 1957 | B69: 1950s | C69: Bill Jennings | D69: MVIAA | E69: MVIAA / Big Six-Seven (1907-61) | F69: 1 | G69: 9 | H69: 0 | I69: 10 | J69: 0.1 | K69: 1 | L69: 5 | M69: 0 | N69: 0.1667 | O69: 7 | P69: No | R69: No | U69: No | X69: No | Y69: No
A70: 1958 | B70: 1950s | C70: Bill Jennings | D70: MVIAA | E70: MVIAA / Big Six-Seven (1907-61) | F70: 3 | G70: 7 | H70: 0 | I70: 10 | J70: 0.3 | K70: 1 | L70: 5 | M70: 0 | N70: 0.1667 | O70: 6 | P70: No | R70: No | U70: No | X70: No | Y70: No
A71: 1959 | B71: 1950s | C71: Bill Jennings | D71: MVIAA | E71: MVIAA / Big Six-Seven (1907-61) | F71: 4 | G71: 6 | H71: 0 | I71: 10 | J71: 0.4 | K71: 2 | L71: 4 | M71: 0 | N71: 0.3333 | O71: 6 | P71: No | R71: No | U71: No | X71: No | Y71: No
A72: 1960 | B72: 1960s | C72: Bill Jennings | D72: MVIAA | E72: MVIAA / Big Six-Seven (1907-61) | F72: 4 | G72: 6 | H72: 0 | I72: 10 | J72: 0.4 | K72: 2 | L72: 5 | M72: 0 | N72: 0.2857 | O72: 6 | P72: Yes | R72: No | U72: No | X72: No | Y72: No
A73: 1961 | B73: 1960s | C73: Bill Jennings | D73: MVIAA | E73: MVIAA / Big Six-Seven (1907-61) | F73: 3 | G73: 6 | H73: 1 | I73: 10 | J73: 0.35 | K73: 2 | L73: 5 | M73: 0 | N73: 0.2857 | O73: 6 | P73: Yes | R73: No | U73: No | X73: No | Y73: No
A74: 1962 | B74: 1960s | C74: Bob Devaney | D74: Big Eight | E74: Big Eight (1962-95) | F74: 9 | G74: 2 | H74: 0 | I74: 11 | J74: 0.8182 | K74: 5 | L74: 2 | M74: 0 | N74: 0.7143 | O74: 3 | P74: No | R74: Yes | S74: Gotham | T74: W | U74: No | X74: No | Y74: Yes
A75: 1963 | B75: 1960s | C75: Bob Devaney | D75: Big Eight | E75: Big Eight (1962-95) | F75: 10 | G75: 1 | H75: 0 | I75: 11 | J75: 0.9091 | K75: 7 | L75: 0 | M75: 0 | N75: 1 | O75: 1 | P75: No | R75: Yes | S75: Orange | T75: W | U75: Yes | V75: 6 | W75: 5 | X75: Yes | Y75: Yes
A76: 1964 | B76: 1960s | C76: Bob Devaney | D76: Big Eight | E76: Big Eight (1962-95) | F76: 9 | G76: 2 | H76: 0 | I76: 11 | J76: 0.8182 | K76: 6 | L76: 1 | M76: 0 | N76: 0.8571 | O76: 1 | P76: No | R76: Yes | S76: Cotton | T76: L | U76: Yes | V76: 6 | W76: 6 | X76: Yes | Y76: Yes
A77: 1965 | B77: 1960s | C77: Bob Devaney | D77: Big Eight | E77: Big Eight (1962-95) | F77: 10 | G77: 1 | H77: 0 | I77: 11 | J77: 0.9091 | K77: 7 | L77: 0 | M77: 0 | N77: 1 | O77: 1 | P77: No | R77: Yes | S77: Orange | T77: L | U77: Yes | V77: 5 | W77: 3 | X77: Yes | Y77: Yes
A78: 1966 | B78: 1960s | C78: Bob Devaney | D78: Big Eight | E78: Big Eight (1962-95) | F78: 9 | G78: 2 | H78: 0 | I78: 11 | J78: 0.8182 | K78: 6 | L78: 1 | M78: 0 | N78: 0.8571 | O78: 1 | P78: No | R78: Yes | S78: Sugar | T78: L | U78: Yes | V78: 6 | W78: 7 | X78: Yes | Y78: Yes
A79: 1967 | B79: 1960s | C79: Bob Devaney | D79: Big Eight | E79: Big Eight (1962-95) | F79: 6 | G79: 4 | H79: 0 | I79: 10 | J79: 0.6 | K79: 3 | L79: 4 | M79: 0 | N79: 0.4286 | O79: 5 | P79: No | R79: No | U79: No | X79: No | Y79: Yes
A80: 1968 | B80: 1960s | C80: Bob Devaney | D80: Big Eight | E80: Big Eight (1962-95) | F80: 6 | G80: 4 | H80: 0 | I80: 10 | J80: 0.6 | K80: 3 | L80: 4 | M80: 0 | N80: 0.4286 | O80: 4 | P80: Yes | R80: No | U80: No | X80: No | Y80: Yes
A81: 1969 | B81: 1960s | C81: Bob Devaney | D81: Big Eight | E81: Big Eight (1962-95) | F81: 9 | G81: 2 | H81: 0 | I81: 11 | J81: 0.8182 | K81: 6 | L81: 1 | M81: 0 | N81: 0.8571 | O81: 1 | P81: Yes | R81: Yes | S81: Sun | T81: W | U81: No | V81: 11 | W81: 12 | X81: Yes | Y81: Yes
A82: 1970 | B82: 1970s | C82: Bob Devaney | D82: Big Eight | E82: Big Eight (1962-95) | F82: 11 | G82: 0 | H82: 1 | I82: 12 | J82: 0.9583 | K82: 7 | L82: 0 | M82: 0 | N82: 1 | O82: 1 | P82: No | R82: Yes | S82: Orange | T82: W | U82: Yes | V82: 1 | W82: 3 | X82: Yes | Y82: Yes
A83: 1971 | B83: 1970s | C83: Bob Devaney | D83: Big Eight | E83: Big Eight (1962-95) | F83: 13 | G83: 0 | H83: 0 | I83: 13 | J83: 1 | K83: 7 | L83: 0 | M83: 0 | N83: 1 | O83: 1 | P83: No | R83: Yes | S83: Orange | T83: W | U83: Yes | V83: 1 | W83: 1 | X83: Yes | Y83: Yes
A84: 1972 | B84: 1970s | C84: Bob Devaney | D84: Big Eight | E84: Big Eight (1962-95) | F84: 9 | G84: 2 | H84: 1 | I84: 12 | J84: 0.7917 | K84: 5 | L84: 1 | M84: 1 | N84: 0.7857 | O84: 1 | P84: No | R84: Yes | S84: Orange | T84: W | U84: Yes | V84: 4 | W84: 9 | X84: Yes | Y84: Yes
A85: 1973 | B85: 1970s | C85: Tom Osborne | D85: Big Eight | E85: Big Eight (1962-95) | F85: 9 | G85: 2 | H85: 1 | I85: 12 | J85: 0.7917 | K85: 4 | L85: 2 | M85: 1 | N85: 0.6429 | O85: 2 | P85: Yes | R85: Yes | S85: Cotton | T85: W | U85: Yes | V85: 7 | W85: 11 | X85: Yes | Y85: Yes
A86: 1974 | B86: 1970s | C86: Tom Osborne | D86: Big Eight | E86: Big Eight (1962-95) | F86: 9 | G86: 3 | H86: 0 | I86: 12 | J86: 0.75 | K86: 5 | L86: 2 | M86: 0 | N86: 0.7143 | O86: 2 | P86: Yes | R86: Yes | S86: Sugar | T86: W | U86: Yes | V86: 8 | W86: 9 | X86: Yes | Y86: Yes
A87: 1975 | B87: 1970s | C87: Tom Osborne | D87: Big Eight | E87: Big Eight (1962-95) | F87: 10 | G87: 2 | H87: 0 | I87: 12 | J87: 0.8333 | K87: 6 | L87: 1 | M87: 0 | N87: 0.8571 | O87: 1 | P87: Yes | R87: Yes | S87: Fiesta | T87: L | U87: Yes | V87: 9 | W87: 9 | X87: Yes | Y87: Yes
A88: 1976 | B88: 1970s | C88: Tom Osborne | D88: Big Eight | E88: Big Eight (1962-95) | F88: 9 | G88: 3 | H88: 1 | I88: 13 | J88: 0.7308 | K88: 4 | L88: 3 | M88: 0 | N88: 0.5714 | O88: 4 | P88: Yes | R88: Yes | S88: Astro-Bluebonnet | T88: W | U88: No | V88: 9 | W88: 7 | X88: Yes | Y88: Yes
A89: 1977 | B89: 1970s | C89: Tom Osborne | D89: Big Eight | E89: Big Eight (1962-95) | F89: 9 | G89: 3 | H89: 0 | I89: 12 | J89: 0.75 | K89: 5 | L89: 2 | M89: 0 | N89: 0.7143 | O89: 2 | P89: Yes | R89: Yes | S89: Liberty | T89: W | U89: No | V89: 12 | W89: 10 | X89: Yes | Y89: Yes
A90: 1978 | B90: 1970s | C90: Tom Osborne | D90: Big Eight | E90: Big Eight (1962-95) | F90: 9 | G90: 3 | H90: 0 | I90: 12 | J90: 0.75 | K90: 6 | L90: 1 | M90: 0 | N90: 0.8571 | O90: 1 | P90: Yes | R90: Yes | S90: Orange | T90: L | U90: Yes | V90: 8 | W90: 8 | X90: Yes | Y90: Yes
A91: 1979 | B91: 1970s | C91: Tom Osborne | D91: Big Eight | E91: Big Eight (1962-95) | F91: 10 | G91: 2 | H91: 0 | I91: 12 | J91: 0.8333 | K91: 6 | L91: 1 | M91: 0 | N91: 0.8571 | O91: 2 | P91: No | R91: Yes | S91: Cotton | T91: L | U91: Yes | V91: 9 | W91: 7 | X91: Yes | Y91: Yes
A92: 1980 | B92: 1980s | C92: Tom Osborne | D92: Big Eight | E92: Big Eight (1962-95) | F92: 10 | G92: 2 | H92: 0 | I92: 12 | J92: 0.8333 | K92: 6 | L92: 1 | M92: 0 | N92: 0.8571 | O92: 2 | P92: No | R92: Yes | S92: Sun | T92: W | U92: No | V92: 7 | W92: 7 | X92: Yes | Y92: Yes
... A107: 1995 | B107: 1990s | C107: Tom Osborne | D107: Big Eight | E107: Big Eight (1962-95) | F107: 12 | G107: 0 | H107: 0 | I107: 12 | J107: 1 | K107: 7 | L107: 0 | M107: 0 | N107: 1 | O107: 1 | P107: No | R107: Yes | S107: Fiesta | T107: W | U107: Yes | V107: 1 | W107: 1 | X107: Yes | Y107: Yes
A108: 1996 | B108: 1990s | C108: Tom Osborne | D108: Big 12 | E108: Big 12 (1996-2010) | F108: 11 | G108: 2 | H108: 0 | I108: 13 | J108: 0.8462 | K108: 8 | L108: 0 | M108: 0 | N108: 1 | O108: 1 | P108: No | Q108: North | R108: Yes | S108: Orange | T108: W | U108: Yes | V108: 6 | W108: 6 | X108: Yes | Y108: Yes
A109: 1997 | B109: 1990s | C109: Tom Osborne | D109: Big 12 | E109: Big 12 (1996-2010) | F109: 13 | G109: 0 | H109: 0 | I109: 13 | J109: 1 | K109: 8 | L109: 0 | M109: 0 | N109: 1 | O109: 1 | P109: No | Q109: North | R109: Yes | S109: Orange | T109: W | U109: Yes | V109: 2 | W109: 1 | X109: Yes | Y109: Yes
A110: 1998 | B110: 1990s | C110: Frank Solich | D110: Big 12 | E110: Big 12 (1996-2010) | F110: 9 | G110: 4 | H110: 0 | I110: 13 | J110: 0.6923 | K110: 5 | L110: 3 | M110: 0 | N110: 0.625 | O110: 2 | P110: Yes | Q110: North | R110: Yes | S110: Holiday | T110: L | U110: No | V110: 19 | W110: 20 | X110: Yes | Y110: Yes
A111: 1999 | B111: 1990s | C111: Frank Solich | D111: Big 12 | E111: Big 12 (1996-2010) | F111: 12 | G111: 1 | H111: 0 | I111: 13 | J111: 0.9231 | K111: 7 | L111: 1 | M111: 0 | N111: 0.875 | O111: 1 | P111: No | Q111: North | R111: Yes | S111: Fiesta | T111: W | U111: Yes | V111: 3 | W111: 2 | X111: Yes | Y111: Yes
A112: 2000 | B112: 2000s | C112: Frank Solich | D112: Big 12 | E112: Big 12 (1996-2010) | F112: 10 | G112: 2 | H112: 0 | I112: 12 | J112: 0.8333 | K112: 6 | L112: 2 | M112: 0 | N112: 0.75 | O112: 1 | P112: Yes | Q112: North | R112: Yes | S112: Alamo | T112: W | U112: No | V112: 8 | W112: 7 | X112: Yes | Y112: Yes
A113: 2001 | B113: 2000s | C113: Frank Solich | D113: Big 12 | E113: Big 12 (1996-2010) | F113: 11 | G113: 2 | H113: 0 | I113: 13 | J113: 0.8462 | K113: 7 | L113: 1 | M113: 0 | N113: 0.875 | O113: 1 | P113: Yes | Q113: North | R113: Yes | S113: Rose | T113: L | U113: Yes | V113: 8 | W113: 7 | X113: Yes | Y113: Yes
A114: 2002 | B114: 2000s | C114: Frank Solich | D114: Big 12 | E114: Big 12 (1996-2010) | F114: 7 | G114: 7 | H114: 0 | I114: 14 | J114: 0.5 | K114: 3 | L114: 5 | M114: 0 | N114: 0.375 | O114: 4 | P114: No | Q114: North | R114: Yes | S114: Independence | T114: L | U114: No | X114: No | Y114: No
A115: 2003 | B115: 2000s | C115: Frank Solich | D115: Big 12 | E115: Big 12 (1996-2010) | F115: 10 | G115: 3 | H115: 0 | I115: 13 | J115: 0.7692 | K115: 5 | L115: 3 | M115: 0 | N115: 0.625 | O115: 2 | P115: No | Q115: North | R115: Yes | S115: Alamo | T115: W | U115: No | V115: 19 | W115: 18 | X115: Yes | Y115: Yes
A116: 2004 | B116: 2000s | C116: Bill Callahan | D116: Big 12 | E116: Big 12 (1996-2010) | F116: 5 | G116: 6 | H116: 0 | I116: 11 | J116: 0.4545 | K116: 3 | L116: 5 | M116: 0 | N116: 0.375 | O116: 3 | P116: No | Q116: North | R116: No | U116: No | X116: No | Y116: No
...

Sheet Cleaning_Log
A1: Step | B1: Cleaning action
A2: 1 | B2: Removed 2026 (season in progress, 2-0 at time of pull): 137 -> 136 rows
A3: 2 | B3: Split W-L-T strings into numeric Wins, Losses, Ties (en dash separators normalized)
A4: 3 | B4: Computed Win_Pct and Conf_Win_Pct with ties counted as half a win
A5: 4 | B5: 1918 conference record 0-0 (no MVIAA champion; WWI/flu) set to blank
A6: 5 | B6: Stripped † BCS/Bowl Alliance markers from bowl names; split bowl into Name + W/L result
A7: 6 | B7: Rankings: removed 'T-' tie prefix, converted to integers; unranked = blank
A8: 7 | B8: Standing: split into numeric finish, tie flag, and division (North/Legends/West)
A9: 8 | B9: Merged 'MVIAA / Big Eight' label into Big Eight; added Conference_Era and Decade groupings
A10: 9 | B10: Conference name was carried down from the source table's coach/conference section headers into its own Conference_Name column during collection
A11: 10 | B11: Result: 9 raw text columns -> 25 typed analysis columns (numeric records, percentages, flags, groupings)
A12: 11 | B12: Validation: cleaned totals 931-436-40 match the source all-time record (933-436-40) minus the 2-0 partial 2026 season

Sheet G1_Trend
A1: Goal 1: Win % Over Time
A2: Goal: Show how Nebraska's win percentage has changed from 1890 to 2025.
L4: Season | M4: Win % | N4: 10-Season Avg
L5: =Clean_Data!A2 -> 1890 | M5: =Clean_Data!J2 -> 1
L6: =Clean_Data!A3 -> 1891 | M6: =Clean_Data!J3 -> 0.5
L7: =Clean_Data!A4 -> 1892 | M7: =Clean_Data!J4 -> 0.5
L8: =Clean_Data!A5 -> 1893 | M8: =Clean_Data!J5 -> 0.5833
L9: =Clean_Data!A6 -> 1894 | M9: =Clean_Data!J6 -> 0.75
L10: =Clean_Data!A7 -> 1895 | M10: =Clean_Data!J7 -> 0.6667
L11: =Clean_Data!A8 -> 1896 | M11: =Clean_Data!J8 -> 0.65
L12: =Clean_Data!A9 -> 1897 | M12: =Clean_Data!J9 -> 0.8333
L13: =Clean_Data!A10 -> 1898 | M13: =Clean_Data!J10 -> 0.7273
L14: =Clean_Data!A11 -> 1899 | M14: =Clean_Data!J11 -> 0.1667 | N14: =AVERAGE(M5:M14) -> 0.63773
L15: =Clean_Data!A12 -> 1900 | M15: =Clean_Data!J12 -> 0.8125 | N15: =AVERAGE(M6:M15) -> 0.61898
L16: =Clean_Data!A13 -> 1901 | M16: =Clean_Data!J13 -> 0.75 | N16: =AVERAGE(M7:M16) -> 0.64398
L17: =Clean_Data!A14 -> 1902 | M17: =Clean_Data!J14 -> 1 | N17: =AVERAGE(M8:M17) -> 0.69398
L18: =Clean_Data!A15 -> 1903 | M18: =Clean_Data!J15 -> 1 | N18: =AVERAGE(M9:M18) -> 0.73565
L19: =Clean_Data!A16 -> 1904 | M19: =Clean_Data!J16 -> 0.7 | N19: =AVERAGE(M10:M19) -> 0.73065
L20: =Clean_Data!A17 -> 1905 | M20: =Clean_Data!J17 -> 0.8 | N20: =AVERAGE(M11:M20) -> 0.74398
L21: =Clean_Data!A18 -> 1906 | M21: =Clean_Data!J18 -> 0.6 | N21: =AVERAGE(M12:M21) -> 0.73898
L22: =Clean_Data!A19 -> 1907 | M22: =Clean_Data!J19 -> 0.8 | N22: =AVERAGE(M13:M22) -> 0.73565
L23: =Clean_Data!A20 -> 1908 | M23: =Clean_Data!J20 -> 0.75 | N23: =AVERAGE(M14:M23) -> 0.73792
L24: =Clean_Data!A21 -> 1909 | M24: =Clean_Data!J21 -> 0.5 | N24: =AVERAGE(M15:M24) -> 0.77125
L25: =Clean_Data!A22 -> 1910 | M25: =Clean_Data!J22 -> 0.875 | N25: =AVERAGE(M16:M25) -> 0.7775
A26: Story | L26: =Clean_Data!A23 -> 1911 | M26: =Clean_Data!J23 -> 0.75 | N26: =AVERAGE(M17:M26) -> 0.7775
A27: The 10-season average shows three big periods. Nebraska won a lot early on, then hit its low point in the 1940s and 50s (.337 average by 1951). After Bob Devaney was hired in 1962 the line shot up and peaked at .881 from 1992-2001. Since then it has gone down, and the 2016-2025 average (.423) is the lowest since 1962. | L27: =Clean_Data!A24 -> 1912 | M27: =Clean_Data!J24 -> 0.875 | N27: =AVERAGE(M18:M27) -> 0.765
L28: =Clean_Data!A25 -> 1913 | M28: =Clean_Data!J25 -> 1 | N28: =AVERAGE(M19:M28) -> 0.765
L29: =Clean_Data!A26 -> 1914 | M29: =Clean_Data!J26 -> 0.9375 | N29: =AVERAGE(M20:M29) -> 0.78875
L30: =Clean_Data!A27 -> 1915 | M30: =Clean_Data!J27 -> 1 | N30: =AVERAGE(M21:M30) -> 0.80875
L31: =Clean_Data!A28 -> 1916 | M31: =Clean_Data!J28 -> 0.75 | N31: =AVERAGE(M22:M31) -> 0.82375
L32: =Clean_Data!A29 -> 1917 | M32: =Clean_Data!J29 -> 0.7143 | N32: =AVERAGE(M23:M32) -> 0.81518
L33: =Clean_Data!A30 -> 1918 | M33: =Clean_Data!J30 -> 0.4167 | N33: =AVERAGE(M24:M33) -> 0.78185
L34: =Clean_Data!A31 -> 1919 | M34: =Clean_Data!J31 -> 0.5 | N34: =AVERAGE(M25:M34) -> 0.78185
L35: =Clean_Data!A32 -> 1920 | M35: =Clean_Data!J32 -> 0.6111 | N35: =AVERAGE(M26:M35) -> 0.75546
L36: =Clean_Data!A33 -> 1921 | M36: =Clean_Data!J33 -> 0.875 | N36: =AVERAGE(M27:M36) -> 0.76796
L37: =Clean_Data!A34 -> 1922 | M37: =Clean_Data!J34 -> 0.875 | N37: =AVERAGE(M28:M37) -> 0.76796
L38: =Clean_Data!A35 -> 1923 | M38: =Clean_Data!J35 -> 0.625 | N38: =AVERAGE(M29:M38) -> 0.73046
L39: =Clean_Data!A36 -> 1924 | M39: =Clean_Data!J36 -> 0.625 | N39: =AVERAGE(M30:M39) -> 0.69921
... L140: =Clean_Data!A137 -> 2025 | M140: =Clean_Data!J137 -> 0.5385 | N140: =AVERAGE(M131:M140) -> 0.42276

Sheet G2_Decades
A1: Goal 2: Win % by Decade
A2: Goal: Compare win percentage by decade to find the best and worst decades.
L4: Decade | M4: Seasons | N4: Wins | O4: Losses | P4: Ties | Q4: Win %
L5: 1890s | M5: =COUNTIF(Clean_Data!$B$2:$B$137,L5) -> 10 | N5: =SUMIF(Clean_Data!$B$2:$B$137,L5,Clean_Data!$F$2:$F$137) -> 41 | O5: =SUMIF(Clean_Data!$B$2:$B$137,L5,Clean_Data!$G$2:$G$137) -> 25 | P5: =SUMIF(Clean_Data!$B$2:$B$137,L5,Clean_Data!$H$2:$H$137) -> 4 | Q5: =(N5+0.5*P5)/(N5+O5+P5) -> 0.61428571
L6: 1900s | M6: =COUNTIF(Clean_Data!$B$2:$B$137,L6) -> 10 | N6: =SUMIF(Clean_Data!$B$2:$B$137,L6,Clean_Data!$F$2:$F$137) -> 70 | O6: =SUMIF(Clean_Data!$B$2:$B$137,L6,Clean_Data!$G$2:$G$137) -> 19 | P6: =SUMIF(Clean_Data!$B$2:$B$137,L6,Clean_Data!$H$2:$H$137) -> 4 | Q6: =(N6+0.5*P6)/(N6+O6+P6) -> 0.77419355
L7: 1910s | M7: =COUNTIF(Clean_Data!$B$2:$B$137,L7) -> 10 | N7: =SUMIF(Clean_Data!$B$2:$B$137,L7,Clean_Data!$F$2:$F$137) -> 58 | O7: =SUMIF(Clean_Data!$B$2:$B$137,L7,Clean_Data!$G$2:$G$137) -> 13 | P7: =SUMIF(Clean_Data!$B$2:$B$137,L7,Clean_Data!$H$2:$H$137) -> 6 | Q7: =(N7+0.5*P7)/(N7+O7+P7) -> 0.79220779
L8: 1920s | M8: =COUNTIF(Clean_Data!$B$2:$B$137,L8) -> 10 | N8: =SUMIF(Clean_Data!$B$2:$B$137,L8,Clean_Data!$F$2:$F$137) -> 55 | O8: =SUMIF(Clean_Data!$B$2:$B$137,L8,Clean_Data!$G$2:$G$137) -> 18 | P8: =SUMIF(Clean_Data!$B$2:$B$137,L8,Clean_Data!$H$2:$H$137) -> 9 | Q8: =(N8+0.5*P8)/(N8+O8+P8) -> 0.72560976
L9: 1930s | M9: =COUNTIF(Clean_Data!$B$2:$B$137,L9) -> 10 | N9: =SUMIF(Clean_Data!$B$2:$B$137,L9,Clean_Data!$F$2:$F$137) -> 62 | O9: =SUMIF(Clean_Data!$B$2:$B$137,L9,Clean_Data!$G$2:$G$137) -> 21 | P9: =SUMIF(Clean_Data!$B$2:$B$137,L9,Clean_Data!$H$2:$H$137) -> 8 | Q9: =(N9+0.5*P9)/(N9+O9+P9) -> 0.72527473
L10: 1940s | M10: =COUNTIF(Clean_Data!$B$2:$B$137,L10) -> 10 | N10: =SUMIF(Clean_Data!$B$2:$B$137,L10,Clean_Data!$F$2:$F$137) -> 34 | O10: =SUMIF(Clean_Data!$B$2:$B$137,L10,Clean_Data!$G$2:$G$137) -> 57 | P10: =SUMIF(Clean_Data!$B$2:$B$137,L10,Clean_Data!$H$2:$H$137) -> 0 | Q10: =(N10+0.5*P10)/(N10+O10+P10) -> 0.37362637
L11: 1950s | M11: =COUNTIF(Clean_Data!$B$2:$B$137,L11) -> 10 | N11: =SUMIF(Clean_Data!$B$2:$B$137,L11,Clean_Data!$F$2:$F$137) -> 39 | O11: =SUMIF(Clean_Data!$B$2:$B$137,L11,Clean_Data!$G$2:$G$137) -> 58 | P11: =SUMIF(Clean_Data!$B$2:$B$137,L11,Clean_Data!$H$2:$H$137) -> 3 | Q11: =(N11+0.5*P11)/(N11+O11+P11) -> 0.405
L12: 1960s | M12: =COUNTIF(Clean_Data!$B$2:$B$137,L12) -> 10 | N12: =SUMIF(Clean_Data!$B$2:$B$137,L12,Clean_Data!$F$2:$F$137) -> 75 | O12: =SUMIF(Clean_Data!$B$2:$B$137,L12,Clean_Data!$G$2:$G$137) -> 30 | P12: =SUMIF(Clean_Data!$B$2:$B$137,L12,Clean_Data!$H$2:$H$137) -> 1 | Q12: =(N12+0.5*P12)/(N12+O12+P12) -> 0.71226415
L13: 1970s | M13: =COUNTIF(Clean_Data!$B$2:$B$137,L13) -> 10 | N13: =SUMIF(Clean_Data!$B$2:$B$137,L13,Clean_Data!$F$2:$F$137) -> 98 | O13: =SUMIF(Clean_Data!$B$2:$B$137,L13,Clean_Data!$G$2:$G$137) -> 20 | P13: =SUMIF(Clean_Data!$B$2:$B$137,L13,Clean_Data!$H$2:$H$137) -> 4 | Q13: =(N13+0.5*P13)/(N13+O13+P13) -> 0.81967213
L14: 1980s | M14: =COUNTIF(Clean_Data!$B$2:$B$137,L14) -> 10 | N14: =SUMIF(Clean_Data!$B$2:$B$137,L14,Clean_Data!$F$2:$F$137) -> 103 | O14: =SUMIF(Clean_Data!$B$2:$B$137,L14,Clean_Data!$G$2:$G$137) -> 20 | P14: =SUMIF(Clean_Data!$B$2:$B$137,L14,Clean_Data!$H$2:$H$137) -> 0 | Q14: =(N14+0.5*P14)/(N14+O14+P14) -> 0.83739837
L15: 1990s | M15: =COUNTIF(Clean_Data!$B$2:$B$137,L15) -> 10 | N15: =SUMIF(Clean_Data!$B$2:$B$137,L15,Clean_Data!$F$2:$F$137) -> 108 | O15: =SUMIF(Clean_Data!$B$2:$B$137,L15,Clean_Data!$G$2:$G$137) -> 16 | P15: =SUMIF(Clean_Data!$B$2:$B$137,L15,Clean_Data!$H$2:$H$137) -> 1 | Q15: =(N15+0.5*P15)/(N15+O15+P15) -> 0.868
L16: 2000s | M16: =COUNTIF(Clean_Data!$B$2:$B$137,L16) -> 10 | N16: =SUMIF(Clean_Data!$B$2:$B$137,L16,Clean_Data!$F$2:$F$137) -> 84 | O16: =SUMIF(Clean_Data!$B$2:$B$137,L16,Clean_Data!$G$2:$G$137) -> 44 | P16: =SUMIF(Clean_Data!$B$2:$B$137,L16,Clean_Data!$H$2:$H$137) -> 0 | Q16: =(N16+0.5*P16)/(N16+O16+P16) -> 0.65625
... L18: 2020s | M18: =COUNTIF(Clean_Data!$B$2:$B$137,L18) -> 6 | N18: =SUMIF(Clean_Data!$B$2:$B$137,L18,Clean_Data!$F$2:$F$137) -> 29 | O18: =SUMIF(Clean_Data!$B$2:$B$137,L18,Clean_Data!$G$2:$G$137) -> 41 | P18: =SUMIF(Clean_Data!$B$2:$B$137,L18,Clean_Data!$H$2:$H$137) -> 0 | Q18: =(N18+0.5*P18)/(N18+O18+P18) -> 0.41428571
L19: Note: 2020s = 6 seasons (2020-2025). Ties count as half a win.
A26: Story
A27: The 1990s were the best decade at .868, and the 70s, 80s, and 90s were all above .800. The 1940s were the worst (.374). Every decade since the 1990s has been worse than the one before it, and the 2020s are at .414 so far.

Sheet G3_Coaches
A1: Goal 3: Head Coaches Since 1962
A2: Goal: Compare the win percentage of every head coach since 1962.
L4: Head coach | M4: Seasons | N4: Wins | O4: Losses | P4: Ties | Q4: Win % | R4: Bowl games | S4: Final AP ranked | U4: Chart label
L5: Tom Osborne | M5: =COUNTIF(Clean_Data!$C$2:$C$137,L5) -> 25 | N5: =SUMIF(Clean_Data!$C$2:$C$137,L5,Clean_Data!$F$2:$F$137) -> 255 | O5: =SUMIF(Clean_Data!$C$2:$C$137,L5,Clean_Data!$G$2:$G$137) -> 49 | P5: =SUMIF(Clean_Data!$C$2:$C$137,L5,Clean_Data!$H$2:$H$137) -> 3 | Q5: =(N5+0.5*P5)/(N5+O5+P5) -> 0.83550489 | R5: =COUNTIFS(Clean_Data!$C$2:$C$137,L5,Clean_Data!$R$2:$R$137,"Yes") -> 25 | S5: =COUNTIFS(Clean_Data!$C$2:$C$137,L5,Clean_Data!$X$2:$X$137,"Yes") -> 25 | U5: =L5&" (1973-1997)" -> Tom Osborne (1973-1997)
L6: Bob Devaney | M6: =COUNTIF(Clean_Data!$C$2:$C$137,L6) -> 11 | N6: =SUMIF(Clean_Data!$C$2:$C$137,L6,Clean_Data!$F$2:$F$137) -> 101 | O6: =SUMIF(Clean_Data!$C$2:$C$137,L6,Clean_Data!$G$2:$G$137) -> 20 | P6: =SUMIF(Clean_Data!$C$2:$C$137,L6,Clean_Data!$H$2:$H$137) -> 2 | Q6: =(N6+0.5*P6)/(N6+O6+P6) -> 0.82926829 | R6: =COUNTIFS(Clean_Data!$C$2:$C$137,L6,Clean_Data!$R$2:$R$137,"Yes") -> 9 | S6: =COUNTIFS(Clean_Data!$C$2:$C$137,L6,Clean_Data!$X$2:$X$137,"Yes") -> 8 | U6: =L6&" (1962-1972)" -> Bob Devaney (1962-1972)
L7: Frank Solich | M7: =COUNTIF(Clean_Data!$C$2:$C$137,L7) -> 6 | N7: =SUMIF(Clean_Data!$C$2:$C$137,L7,Clean_Data!$F$2:$F$137) -> 59 | O7: =SUMIF(Clean_Data!$C$2:$C$137,L7,Clean_Data!$G$2:$G$137) -> 19 | P7: =SUMIF(Clean_Data!$C$2:$C$137,L7,Clean_Data!$H$2:$H$137) -> 0 | Q7: =(N7+0.5*P7)/(N7+O7+P7) -> 0.75641026 | R7: =COUNTIFS(Clean_Data!$C$2:$C$137,L7,Clean_Data!$R$2:$R$137,"Yes") -> 6 | S7: =COUNTIFS(Clean_Data!$C$2:$C$137,L7,Clean_Data!$X$2:$X$137,"Yes") -> 5 | U7: =L7&" (1998-2003)" -> Frank Solich (1998-2003)
L8: Bo Pelini | M8: =COUNTIF(Clean_Data!$C$2:$C$137,L8) -> 7 | N8: =SUMIF(Clean_Data!$C$2:$C$137,L8,Clean_Data!$F$2:$F$137) -> 66 | O8: =SUMIF(Clean_Data!$C$2:$C$137,L8,Clean_Data!$G$2:$G$137) -> 28 | P8: =SUMIF(Clean_Data!$C$2:$C$137,L8,Clean_Data!$H$2:$H$137) -> 0 | Q8: =(N8+0.5*P8)/(N8+O8+P8) -> 0.70212766 | R8: =COUNTIFS(Clean_Data!$C$2:$C$137,L8,Clean_Data!$R$2:$R$137,"Yes") -> 7 | S8: =COUNTIFS(Clean_Data!$C$2:$C$137,L8,Clean_Data!$X$2:$X$137,"Yes") -> 4 | U8: =L8&" (2008-2014)" -> Bo Pelini (2008-2014)
L9: Bill Callahan | M9: =COUNTIF(Clean_Data!$C$2:$C$137,L9) -> 4 | N9: =SUMIF(Clean_Data!$C$2:$C$137,L9,Clean_Data!$F$2:$F$137) -> 27 | O9: =SUMIF(Clean_Data!$C$2:$C$137,L9,Clean_Data!$G$2:$G$137) -> 22 | P9: =SUMIF(Clean_Data!$C$2:$C$137,L9,Clean_Data!$H$2:$H$137) -> 0 | Q9: =(N9+0.5*P9)/(N9+O9+P9) -> 0.55102041 | R9: =COUNTIFS(Clean_Data!$C$2:$C$137,L9,Clean_Data!$R$2:$R$137,"Yes") -> 2 | S9: =COUNTIFS(Clean_Data!$C$2:$C$137,L9,Clean_Data!$X$2:$X$137,"Yes") -> 1 | U9: =L9&" (2004-2007)" -> Bill Callahan (2004-2007)
L10: Mike Riley | M10: =COUNTIF(Clean_Data!$C$2:$C$137,L10) -> 3 | N10: =SUMIF(Clean_Data!$C$2:$C$137,L10,Clean_Data!$F$2:$F$137) -> 19 | O10: =SUMIF(Clean_Data!$C$2:$C$137,L10,Clean_Data!$G$2:$G$137) -> 19 | P10: =SUMIF(Clean_Data!$C$2:$C$137,L10,Clean_Data!$H$2:$H$137) -> 0 | Q10: =(N10+0.5*P10)/(N10+O10+P10) -> 0.5 | R10: =COUNTIFS(Clean_Data!$C$2:$C$137,L10,Clean_Data!$R$2:$R$137,"Yes") -> 2 | S10: =COUNTIFS(Clean_Data!$C$2:$C$137,L10,Clean_Data!$X$2:$X$137,"Yes") -> 0 | U10: =L10&" (2015-2017)" -> Mike Riley (2015-2017)
L11: Matt Rhule | M11: =COUNTIF(Clean_Data!$C$2:$C$137,L11) -> 3 | N11: =SUMIF(Clean_Data!$C$2:$C$137,L11,Clean_Data!$F$2:$F$137) -> 19 | O11: =SUMIF(Clean_Data!$C$2:$C$137,L11,Clean_Data!$G$2:$G$137) -> 19 | P11: =SUMIF(Clean_Data!$C$2:$C$137,L11,Clean_Data!$H$2:$H$137) -> 0 | Q11: =(N11+0.5*P11)/(N11+O11+P11) -> 0.5 | R11: =COUNTIFS(Clean_Data!$C$2:$C$137,L11,Clean_Data!$R$2:$R$137,"Yes") -> 2 | S11: =COUNTIFS(Clean_Data!$C$2:$C$137,L11,Clean_Data!$X$2:$X$137,"Yes") -> 0 | U11: =L11&" (2023-2025)" -> Matt Rhule (2023-2025)
L12: Scott Frost | M12: =COUNTIF(Clean_Data!$C$2:$C$137,L12) -> 5 | N12: =SUMIF(Clean_Data!$C$2:$C$137,L12,Clean_Data!$F$2:$F$137) -> 19 | O12: =SUMIF(Clean_Data!$C$2:$C$137,L12,Clean_Data!$G$2:$G$137) -> 37 | P12: =SUMIF(Clean_Data!$C$2:$C$137,L12,Clean_Data!$H$2:$H$137) -> 0 | Q12: =(N12+0.5*P12)/(N12+O12+P12) -> 0.33928571 | R12: =COUNTIFS(Clean_Data!$C$2:$C$137,L12,Clean_Data!$R$2:$R$137,"Yes") -> 0 | S12: =COUNTIFS(Clean_Data!$C$2:$C$137,L12,Clean_Data!$X$2:$X$137,"Yes") -> 0 | U12: =L12&" (2018-2022)" -> Scott Frost (2018-2022)
L13: Coaches since 1962, sorted by win %. Interim coaches credited per source table.
A26: Story
A27: Osborne (.836) and Devaney (.829) are way ahead of everyone else. Osborne went to a bowl and finished ranked in all 25 of his seasons. Every coach since 2015 is at .500 or below, and Scott Frost (.339) is the lowest.

Sheet G4_Eras
A1: Goal 4: Conference Eras
A2: Goal: Compare Nebraska's results in the Big Eight, Big 12, and Big Ten.
L4: Conference era | M4: Seasons | N4: Overall win % | O4: Conference win % | P4: % seasons with bowl | Q4: % seasons final AP ranked
L5: Big Eight (1962-95) | M5: =COUNTIF(Clean_Data!$E$2:$E$137,L5) -> 34 | N5: =(SUMIF(Clean_Data!$E$2:$E$137,L5,Clean_Data!$F$2:$F$137)+0.5*SUMIF(Clean_Data!$E$2:$E$137,L5,Clean_Data!$H$2:$H$137))/SUMIF(Clean_Data!$E$2:$E$137,L5,Clean_Data!$I$2:$I$137) -> 0.8279703 | O5: =(SUMIF(Clean_Data!$E$2:$E$137,L5,Clean_Data!$K$2:$K$137)+0.5*SUMIF(Clean_Data!$E$2:$E$137,L5,Clean_Data!$M$2:$M$137))/(SUMIF(Clean_Data!$E$2:$E$137,L5,Clean_Data!$K$2:$K$137)+SUMIF(Clean_Data!$E$2:$E$137,L5,Clean_Data!$L$2:$L$137)+SUMIF(Clean_Data!$E$2:$E$137,L5,Clean_Data!$M$2:$M$137)) -> 0.84243697 | P5: =COUNTIFS(Clean_Data!$E$2:$E$137,L5,Clean_Data!$R$2:$R$137,"Yes")/M5 -> 0.94117647 | Q5: =COUNTIFS(Clean_Data!$E$2:$E$137,L5,Clean_Data!$X$2:$X$137,"Yes")/M5 -> 0.91176471
L6: Big 12 (1996-2010) | M6: =COUNTIF(Clean_Data!$E$2:$E$137,L6) -> 15 | N6: =(SUMIF(Clean_Data!$E$2:$E$137,L6,Clean_Data!$F$2:$F$137)+0.5*SUMIF(Clean_Data!$E$2:$E$137,L6,Clean_Data!$H$2:$H$137))/SUMIF(Clean_Data!$E$2:$E$137,L6,Clean_Data!$I$2:$I$137) -> 0.71649485 | O6: =(SUMIF(Clean_Data!$E$2:$E$137,L6,Clean_Data!$K$2:$K$137)+0.5*SUMIF(Clean_Data!$E$2:$E$137,L6,Clean_Data!$M$2:$M$137))/(SUMIF(Clean_Data!$E$2:$E$137,L6,Clean_Data!$K$2:$K$137)+SUMIF(Clean_Data!$E$2:$E$137,L6,Clean_Data!$L$2:$L$137)+SUMIF(Clean_Data!$E$2:$E$137,L6,Clean_Data!$M$2:$M$137)) -> 0.675 | P6: =COUNTIFS(Clean_Data!$E$2:$E$137,L6,Clean_Data!$R$2:$R$137,"Yes")/M6 -> 0.86666667 | Q6: =COUNTIFS(Clean_Data!$E$2:$E$137,L6,Clean_Data!$X$2:$X$137,"Yes")/M6 -> 0.66666667
L7: Big Ten (2011-25) | M7: =COUNTIF(Clean_Data!$E$2:$E$137,L7) -> 15 | N7: =(SUMIF(Clean_Data!$E$2:$E$137,L7,Clean_Data!$F$2:$F$137)+0.5*SUMIF(Clean_Data!$E$2:$E$137,L7,Clean_Data!$H$2:$H$137))/SUMIF(Clean_Data!$E$2:$E$137,L7,Clean_Data!$I$2:$I$137) -> 0.50810811 | O7: =(SUMIF(Clean_Data!$E$2:$E$137,L7,Clean_Data!$K$2:$K$137)+0.5*SUMIF(Clean_Data!$E$2:$E$137,L7,Clean_Data!$M$2:$M$137))/(SUMIF(Clean_Data!$E$2:$E$137,L7,Clean_Data!$K$2:$K$137)+SUMIF(Clean_Data!$E$2:$E$137,L7,Clean_Data!$L$2:$L$137)+SUMIF(Clean_Data!$E$2:$E$137,L7,Clean_Data!$M$2:$M$137)) -> 0.44186047 | P7: =COUNTIFS(Clean_Data!$E$2:$E$137,L7,Clean_Data!$R$2:$R$137,"Yes")/M7 -> 0.53333333 | Q7: =COUNTIFS(Clean_Data!$E$2:$E$137,L7,Clean_Data!$X$2:$X$137,"Yes")/M7 -> 0.13333333
A26: Story
A27: Every measure goes down from the Big Eight to the Big 12 to the Big Ten. The biggest drop is in rankings: 91% of Big Eight seasons ended ranked, but only 13% of Big Ten seasons did. The drop started before the Big Ten though, since the team had bad years in 2004 and 2007.

Sheet G5_Bowls
A1: Goal 5: Bowl Games
A2: Goal: Show bowl wins and losses by decade.
L4: Decade | M4: Bowl wins | N4: Bowl losses | O4: Bowl games | P4: Seasons | Q4: % seasons in a bowl
L5: 1940s | M5: =COUNTIFS(Clean_Data!$B$2:$B$137,L5,Clean_Data!$T$2:$T$137,"W") -> 0 | N5: =COUNTIFS(Clean_Data!$B$2:$B$137,L5,Clean_Data!$T$2:$T$137,"L") -> 1 | O5: =M5+N5 -> 1 | P5: =COUNTIF(Clean_Data!$B$2:$B$137,L5) -> 10 | Q5: =O5/P5 -> 0.1
L6: 1950s | M6: =COUNTIFS(Clean_Data!$B$2:$B$137,L6,Clean_Data!$T$2:$T$137,"W") -> 0 | N6: =COUNTIFS(Clean_Data!$B$2:$B$137,L6,Clean_Data!$T$2:$T$137,"L") -> 1 | O6: =M6+N6 -> 1 | P6: =COUNTIF(Clean_Data!$B$2:$B$137,L6) -> 10 | Q6: =O6/P6 -> 0.1
L7: 1960s | M7: =COUNTIFS(Clean_Data!$B$2:$B$137,L7,Clean_Data!$T$2:$T$137,"W") -> 3 | N7: =COUNTIFS(Clean_Data!$B$2:$B$137,L7,Clean_Data!$T$2:$T$137,"L") -> 3 | O7: =M7+N7 -> 6 | P7: =COUNTIF(Clean_Data!$B$2:$B$137,L7) -> 10 | Q7: =O7/P7 -> 0.6
L8: 1970s | M8: =COUNTIFS(Clean_Data!$B$2:$B$137,L8,Clean_Data!$T$2:$T$137,"W") -> 7 | N8: =COUNTIFS(Clean_Data!$B$2:$B$137,L8,Clean_Data!$T$2:$T$137,"L") -> 3 | O8: =M8+N8 -> 10 | P8: =COUNTIF(Clean_Data!$B$2:$B$137,L8) -> 10 | Q8: =O8/P8 -> 1
L9: 1980s | M9: =COUNTIFS(Clean_Data!$B$2:$B$137,L9,Clean_Data!$T$2:$T$137,"W") -> 4 | N9: =COUNTIFS(Clean_Data!$B$2:$B$137,L9,Clean_Data!$T$2:$T$137,"L") -> 6 | O9: =M9+N9 -> 10 | P9: =COUNTIF(Clean_Data!$B$2:$B$137,L9) -> 10 | Q9: =O9/P9 -> 1
L10: 1990s | M10: =COUNTIFS(Clean_Data!$B$2:$B$137,L10,Clean_Data!$T$2:$T$137,"W") -> 5 | N10: =COUNTIFS(Clean_Data!$B$2:$B$137,L10,Clean_Data!$T$2:$T$137,"L") -> 5 | O10: =M10+N10 -> 10 | P10: =COUNTIF(Clean_Data!$B$2:$B$137,L10) -> 10 | Q10: =O10/P10 -> 1
L11: 2000s | M11: =COUNTIFS(Clean_Data!$B$2:$B$137,L11,Clean_Data!$T$2:$T$137,"W") -> 5 | N11: =COUNTIFS(Clean_Data!$B$2:$B$137,L11,Clean_Data!$T$2:$T$137,"L") -> 3 | O11: =M11+N11 -> 8 | P11: =COUNTIF(Clean_Data!$B$2:$B$137,L11) -> 10 | Q11: =O11/P11 -> 0.8
L12: 2010s | M12: =COUNTIFS(Clean_Data!$B$2:$B$137,L12,Clean_Data!$T$2:$T$137,"W") -> 2 | N12: =COUNTIFS(Clean_Data!$B$2:$B$137,L12,Clean_Data!$T$2:$T$137,"L") -> 5 | O12: =M12+N12 -> 7 | P12: =COUNTIF(Clean_Data!$B$2:$B$137,L12) -> 10 | Q12: =O12/P12 -> 0.7
L13: 2020s | M13: =COUNTIFS(Clean_Data!$B$2:$B$137,L13,Clean_Data!$T$2:$T$137,"W") -> 1 | N13: =COUNTIFS(Clean_Data!$B$2:$B$137,L13,Clean_Data!$T$2:$T$137,"L") -> 1 | O13: =M13+N13 -> 2 | P13: =COUNTIF(Clean_Data!$B$2:$B$137,L13) -> 6 | Q13: =O13/P13 -> 0.33333333
L14: Total | M14: =SUM(M5:M13) -> 27 | N14: =SUM(N5:N13) -> 28 | O14: =SUM(O5:O13) -> 55 | P14: =SUM(P5:P13) -> 86
L15: Nebraska's first bowl game was the 1941 Rose Bowl (1940 season).
A26: Story
A27: Nebraska went to 35 bowl games in a row from 1969 to 2003, so the 70s, 80s, and 90s all have 10. The 1970s were the best at 7-3. The all-time bowl record is 27-28, but only 3-5 in the Big Ten. The team didn't go to a bowl from 2017 to 2023.

Sheet G6_Rankings
A1: Goal 6: Final AP Rankings
A2: Goal: Show Nebraska's final AP ranking each season to see when they were a national power.
L4: Season | M4: Final AP rank | O4: Decade | P4: Seasons ranked | Q4: Top-10 finishes
L5: =Clean_Data!A48 -> 1936 | M5: =Clean_Data!V48 -> 9 | O5: 1930s | P5: =COUNTIFS(Clean_Data!$B$2:$B$137,O5,Clean_Data!$X$2:$X$137,"Yes") -> 3 | Q5: =COUNTIFS(Clean_Data!$B$2:$B$137,O5,Clean_Data!$V$2:$V$137,"<=10") -> 1
L6: =Clean_Data!A49 -> 1937 | M6: =Clean_Data!V49 -> 11 | O6: 1940s | P6: =COUNTIFS(Clean_Data!$B$2:$B$137,O6,Clean_Data!$X$2:$X$137,"Yes") -> 1 | Q6: =COUNTIFS(Clean_Data!$B$2:$B$137,O6,Clean_Data!$V$2:$V$137,"<=10") -> 1
L7: =Clean_Data!A51 -> 1939 | M7: =Clean_Data!V51 -> 18 | O7: 1950s | P7: =COUNTIFS(Clean_Data!$B$2:$B$137,O7,Clean_Data!$X$2:$X$137,"Yes") -> 1 | Q7: =COUNTIFS(Clean_Data!$B$2:$B$137,O7,Clean_Data!$V$2:$V$137,"<=10") -> 0
L8: =Clean_Data!A52 -> 1940 | M8: =Clean_Data!V52 -> 7 | O8: 1960s | P8: =COUNTIFS(Clean_Data!$B$2:$B$137,O8,Clean_Data!$X$2:$X$137,"Yes") -> 5 | Q8: =COUNTIFS(Clean_Data!$B$2:$B$137,O8,Clean_Data!$V$2:$V$137,"<=10") -> 4
L9: =Clean_Data!A62 -> 1950 | M9: =Clean_Data!V62 -> 17 | O9: 1970s | P9: =COUNTIFS(Clean_Data!$B$2:$B$137,O9,Clean_Data!$X$2:$X$137,"Yes") -> 10 | Q9: =COUNTIFS(Clean_Data!$B$2:$B$137,O9,Clean_Data!$V$2:$V$137,"<=10") -> 9
L10: =Clean_Data!A75 -> 1963 | M10: =Clean_Data!V75 -> 6 | O10: 1980s | P10: =COUNTIFS(Clean_Data!$B$2:$B$137,O10,Clean_Data!$X$2:$X$137,"Yes") -> 10 | Q10: =COUNTIFS(Clean_Data!$B$2:$B$137,O10,Clean_Data!$V$2:$V$137,"<=10") -> 7
L11: =Clean_Data!A76 -> 1964 | M11: =Clean_Data!V76 -> 6 | O11: 1990s | P11: =COUNTIFS(Clean_Data!$B$2:$B$137,O11,Clean_Data!$X$2:$X$137,"Yes") -> 10 | Q11: =COUNTIFS(Clean_Data!$B$2:$B$137,O11,Clean_Data!$V$2:$V$137,"<=10") -> 6
L12: =Clean_Data!A77 -> 1965 | M12: =Clean_Data!V77 -> 5 | O12: 2000s | P12: =COUNTIFS(Clean_Data!$B$2:$B$137,O12,Clean_Data!$X$2:$X$137,"Yes") -> 5 | Q12: =COUNTIFS(Clean_Data!$B$2:$B$137,O12,Clean_Data!$V$2:$V$137,"<=10") -> 2
L13: =Clean_Data!A78 -> 1966 | M13: =Clean_Data!V78 -> 6 | O13: 2010s | P13: =COUNTIFS(Clean_Data!$B$2:$B$137,O13,Clean_Data!$X$2:$X$137,"Yes") -> 3 | Q13: =COUNTIFS(Clean_Data!$B$2:$B$137,O13,Clean_Data!$V$2:$V$137,"<=10") -> 0
L14: =Clean_Data!A81 -> 1969 | M14: =Clean_Data!V81 -> 11 | O14: 2020s | P14: =COUNTIFS(Clean_Data!$B$2:$B$137,O14,Clean_Data!$X$2:$X$137,"Yes") -> 0 | Q14: =COUNTIFS(Clean_Data!$B$2:$B$137,O14,Clean_Data!$V$2:$V$137,"<=10") -> 0
L15: =Clean_Data!A82 -> 1970 | M15: =Clean_Data!V82 -> 1
L16: =Clean_Data!A83 -> 1971 | M16: =Clean_Data!V83 -> 1
L17: =Clean_Data!A84 -> 1972 | M17: =Clean_Data!V84 -> 4
L18: =Clean_Data!A85 -> 1973 | M18: =Clean_Data!V85 -> 7
L19: =Clean_Data!A86 -> 1974 | M19: =Clean_Data!V86 -> 8
L20: =Clean_Data!A87 -> 1975 | M20: =Clean_Data!V87 -> 9
L21: =Clean_Data!A88 -> 1976 | M21: =Clean_Data!V88 -> 9
L22: =Clean_Data!A89 -> 1977 | M22: =Clean_Data!V89 -> 12
L23: =Clean_Data!A90 -> 1978 | M23: =Clean_Data!V90 -> 8
L24: =Clean_Data!A91 -> 1979 | M24: =Clean_Data!V91 -> 9
L25: =Clean_Data!A92 -> 1980 | M25: =Clean_Data!V92 -> 7
A26: Story | L26: =Clean_Data!A93 -> 1981 | M26: =Clean_Data!V93 -> 11
A27: From 1969 to 2001 Nebraska was ranked every year (33 in a row) and finished #1 four times. After 2001 the dots drop and spread out. The last time they finished ranked was 2012 (#25), so it's been 13 seasons. | L27: =Clean_Data!A94 -> 1982 | M27: =Clean_Data!V94 -> 3
L28: =Clean_Data!A95 -> 1983 | M28: =Clean_Data!V95 -> 2
L29: =Clean_Data!A96 -> 1984 | M29: =Clean_Data!V96 -> 4
L30: =Clean_Data!A97 -> 1985 | M30: =Clean_Data!V97 -> 11
L31: =Clean_Data!A98 -> 1986 | M31: =Clean_Data!V98 -> 5
L32: =Clean_Data!A99 -> 1987 | M32: =Clean_Data!V99 -> 6
L33: =Clean_Data!A100 -> 1988 | M33: =Clean_Data!V100 -> 10
L34: =Clean_Data!A101 -> 1989 | M34: =Clean_Data!V101 -> 11
L35: =Clean_Data!A102 -> 1990 | M35: =Clean_Data!V102 -> 24
L36: =Clean_Data!A103 -> 1991 | M36: =Clean_Data!V103 -> 15
L37: =Clean_Data!A104 -> 1992 | M37: =Clean_Data!V104 -> 14
L38: =Clean_Data!A105 -> 1993 | M38: =Clean_Data!V105 -> 3
L39: =Clean_Data!A106 -> 1994 | M39: =Clean_Data!V106 -> 1
... L46: =Clean_Data!A113 -> 2001 | M46: =Clean_Data!V113 -> 8
L47: =Clean_Data!A115 -> 2003 | M47: =Clean_Data!V115 -> 19
L48: =Clean_Data!A117 -> 2005 | M48: =Clean_Data!V117 -> 24
L49: =Clean_Data!A121 -> 2009 | M49: =Clean_Data!V121 -> 14
L50: =Clean_Data!A122 -> 2010 | M50: =Clean_Data!V122 -> 20
L51: =Clean_Data!A123 -> 2011 | M51: =Clean_Data!V123 -> 24
L52: =Clean_Data!A124 -> 2012 | M52: =Clean_Data!V124 -> 25
